{
"lengthUnit": "mil",
"remark": [],
"components": {
	"fields": ["COMPONENT_NO", "COMPONENT_NAME", "LAYER", "X_COORDINATE", "Y_COORDINATE", "ANGLE"],
	"rows": [
		[1, "C1", "T", 125, 460, 90],
		[2, "C2", "T", 555, 515, 180],
		[3, "C3", "T", 1075, 360, 270],
		[4, "C4", "T", 650, 305, 0],
		[5, "CN1", "B", 415, 415, 270],
		[6, "LED1", "T", 235, 410, 90],
		[7, "LED2", "T", 600, 625, 180],
		[8, "LED3", "T", 965, 410, 270],
		[9, "LED4", "T", 600, 195, 0],
		[10, "SW1", "T", 600.3937, 409.4488, 0],
		[11, "PAD1", "T", 415, 215, 0],
		[12, "PAD1", "B", 415, 215, 0],
		[13, "PAD2", "T", 415, 314.99, 0],
		[14, "PAD2", "B", 415, 314.99, 0],
		[15, "PAD3", "T", 415, 415, 0],
		[16, "PAD3", "B", 415, 415, 0],
		[17, "PAD4", "T", 415, 515, 0],
		[18, "PAD4", "B", 415, 515, 0],
		[19, "PAD5", "T", 415, 615, 0],
		[20, "PAD5", "B", 415, 615, 0],
		[21, "PAD6", "T", 191.69, 476.925, 0],
		[22, "PAD7", "T", 235, 476.925, 0],
		[23, "PAD8", "T", 278.31, 476.925, 0],
		[24, "PAD9", "T", 278.31, 343.075, 0],
		[25, "PAD10", "T", 235, 343.075, 0],
		[26, "PAD11", "T", 533.075, 581.69, 0],
		[27, "PAD12", "T", 533.075, 625, 0],
		[28, "PAD13", "T", 533.075, 668.31, 0],
		[29, "PAD14", "T", 666.925, 668.31, 0],
		[30, "PAD15", "T", 666.925, 625, 0],
		[31, "PAD16", "T", 1008.31, 343.075, 0],
		[32, "PAD17", "T", 965, 343.075, 0],
		[33, "PAD18", "T", 921.69, 343.075, 0],
		[34, "PAD19", "T", 921.69, 476.925, 0],
		[35, "PAD20", "T", 965, 476.925, 0],
		[36, "PAD21", "T", 666.925, 238.31, 0],
		[37, "PAD22", "T", 666.925, 195, 0],
		[38, "PAD23", "T", 666.925, 151.69, 0],
		[39, "PAD24", "T", 533.075, 151.69, 0],
		[40, "PAD25", "T", 533.075, 195, 0],
		[41, "PAD26", "T", 125, 487.56, 0],
		[42, "PAD27", "T", 125, 432.44, 0],
		[43, "PAD28", "T", 527.44, 515, 0],
		[44, "PAD29", "T", 582.56, 515, 0],
		[45, "PAD30", "T", 1075, 332.44, 0],
		[46, "PAD31", "T", 1075, 387.56, 0],
		[47, "PAD32", "T", 677.56, 305, 0],
		[48, "PAD33", "T", 622.44, 305, 0],
		[49, "PAD34", "T", 514.3737, 409.4488, 0],
		[50, "PAD35", "T", 686.4137, 409.4488, 0]
	]
},
"pins": {
	"fields": ["PIN_NO", "PIN_NAME", "PIN_X", "PIN_Y", "LAYER", "PIN_TYPE", "NET_NAME", "NET_TYPE", "PAD_SHAPE", "PAD_SIZEX", "PAD_SIZEY", "HOLE_SIZE", "HOLE_LEN", "PAD_ANGLE"],
	"rows": [
		[1, "C1_1", 125, 432.44, "T", "SMD", "GND", "GND", "R", 31.496, 35.433, 0, 0, 90],
		[2, "C1_2", 125, 487.56, "T", "SMD", "VCC", "", "R", 31.496, 35.433, 0, 0, 90],
		[3, "C2_1", 582.56, 515, "T", "SMD", "GND", "GND", "R", 31.496, 35.433, 0, 0, 180],
		[4, "C2_2", 527.44, 515, "T", "SMD", "VCC", "", "R", 31.496, 35.433, 0, 0, 180],
		[5, "C3_1", 1075, 387.56, "T", "SMD", "GND", "GND", "R", 31.496, 35.433, 0, 0, 270],
		[6, "C3_2", 1075, 332.44, "T", "SMD", "VCC", "", "R", 31.496, 35.433, 0, 0, 270],
		[7, "C4_1", 622.44, 305, "T", "SMD", "GND", "GND", "R", 31.496, 35.433, 0, 0, 0],
		[8, "C4_2", 677.56, 305, "T", "SMD", "VCC", "", "R", 31.496, 35.433, 0, 0, 0],
		[9, "CN1_1", 415, 615, "T", "DIP", "VCC", "", "O", 70.866, 94.4882, 47.244, 47.244, 270],
		[10, "CN1_1", 415, 615, "B", "DIP", "VCC", "", "O", 70.866, 94.4882, 47.244, 47.244, 270],
		[11, "CN1_2", 415, 515, "T", "DIP", "GND", "GND", "O", 70.866, 94.4882, 47.244, 47.244, 270],
		[12, "CN1_2", 415, 515, "B", "DIP", "GND", "GND", "O", 70.866, 94.4882, 47.244, 47.244, 270],
		[13, "CN1_3", 415, 415, "T", "DIP", "BTN", "", "O", 70.866, 94.4882, 47.244, 47.244, 270],
		[14, "CN1_3", 415, 415, "B", "DIP", "BTN", "", "O", 70.866, 94.4882, 47.244, 47.244, 270],
		[15, "CN1_4", 415, 314.99, "T", "DIP", "DIN", "", "O", 70.866, 94.4882, 47.244, 47.244, 270],
		[16, "CN1_4", 415, 314.99, "B", "DIP", "DIN", "", "O", 70.866, 94.4882, 47.244, 47.244, 270],
		[17, "CN1_5", 415, 215, "T", "DIP", "DOUT", "", "O", 70.866, 94.4882, 47.244, 47.244, 270],
		[18, "CN1_5", 415, 215, "B", "DIP", "DOUT", "", "O", 70.866, 94.4882, 47.244, 47.244, 270],
		[19, "LED1_1", 191.69, 343.075, "T", "SMD", "NET_1", "", "R", 55.118, 25.591, 0, 0, 90],
		[20, "LED1_2", 235, 343.075, "T", "SMD", "GND", "GND", "R", 55.118, 25.591, 0, 0, 90],
		[21, "LED1_3", 278.31, 343.075, "T", "SMD", "DIN", "", "R", 55.118, 25.591, 0, 0, 90],
		[22, "LED1_4", 278.31, 476.925, "T", "SMD", "VCC", "", "R", 55.118, 25.591, 0, 0, 90],
		[23, "LED1_5", 235, 476.925, "T", "SMD", "$1N981", "", "R", 55.118, 25.591, 0, 0, 90],
		[24, "LED1_6", 191.69, 476.925, "T", "SMD", "VCC", "", "R", 55.118, 25.591, 0, 0, 90],
		[25, "LED2_1", 666.925, 581.69, "T", "SMD", "NET_2", "", "R", 55.118, 25.591, 0, 0, 180],
		[26, "LED2_2", 666.925, 625, "T", "SMD", "GND", "GND", "R", 55.118, 25.591, 0, 0, 180],
		[27, "LED2_3", 666.925, 668.31, "T", "SMD", "$1N981", "", "R", 55.118, 25.591, 0, 0, 180],
		[28, "LED2_4", 533.075, 668.31, "T", "SMD", "VCC", "", "R", 55.118, 25.591, 0, 0, 180],
		[29, "LED2_5", 533.075, 625, "T", "SMD", "$1N975", "", "R", 55.118, 25.591, 0, 0, 180],
		[30, "LED2_6", 533.075, 581.69, "T", "SMD", "VCC", "", "R", 55.118, 25.591, 0, 0, 180],
		[31, "LED3_1", 1008.31, 476.925, "T", "SMD", "NET_3", "", "R", 55.118, 25.591, 0, 0, 270],
		[32, "LED3_2", 965, 476.925, "T", "SMD", "GND", "GND", "R", 55.118, 25.591, 0, 0, 270],
		[33, "LED3_3", 921.69, 476.925, "T", "SMD", "$1N975", "", "R", 55.118, 25.591, 0, 0, 270],
		[34, "LED3_4", 921.69, 343.075, "T", "SMD", "VCC", "", "R", 55.118, 25.591, 0, 0, 270],
		[35, "LED3_5", 965, 343.075, "T", "SMD", "$1N2893", "", "R", 55.118, 25.591, 0, 0, 270],
		[36, "LED3_6", 1008.31, 343.075, "T", "SMD", "VCC", "", "R", 55.118, 25.591, 0, 0, 270],
		[37, "LED4_1", 533.075, 238.31, "T", "SMD", "NET_4", "", "R", 55.118, 25.591, 0, 0, 0],
		[38, "LED4_2", 533.075, 195, "T", "SMD", "GND", "GND", "R", 55.118, 25.591, 0, 0, 0],
		[39, "LED4_3", 533.075, 151.69, "T", "SMD", "$1N2893", "", "R", 55.118, 25.591, 0, 0, 0],
		[40, "LED4_4", 666.925, 151.69, "T", "SMD", "VCC", "", "R", 55.118, 25.591, 0, 0, 0],
		[41, "LED4_5", 666.925, 195, "T", "SMD", "DOUT", "", "R", 55.118, 25.591, 0, 0, 0],
		[42, "LED4_6", 666.925, 238.31, "T", "SMD", "VCC", "", "R", 55.118, 25.591, 0, 0, 0],
		[43, "SW1_1", 514.3737, 409.4488, "T", "SMD", "BTN", "", "R", 48.425, 73.228, 0, 0, 0],
		[44, "SW1_2", 686.4137, 409.4488, "T", "SMD", "GND", "GND", "R", 48.425, 73.228, 0, 0, 0],
		[45, "PAD1_5", 415, 215, "T", "DIP", "DOUT", "", "O", 70.866, 94.4882, 47.244, 47.244, 270],
		[46, "PAD1_5", 415, 215, "B", "DIP", "DOUT", "", "O", 70.866, 94.4882, 47.244, 47.244, 270],
		[47, "PAD2_4", 415, 314.99, "T", "DIP", "DIN", "", "O", 70.866, 94.4882, 47.244, 47.244, 270],
		[48, "PAD2_4", 415, 314.99, "B", "DIP", "DIN", "", "O", 70.866, 94.4882, 47.244, 47.244, 270],
		[49, "PAD3_3", 415, 415, "T", "DIP", "BTN", "", "O", 70.866, 94.4882, 47.244, 47.244, 270],
		[50, "PAD3_3", 415, 415, "B", "DIP", "BTN", "", "O", 70.866, 94.4882, 47.244, 47.244, 270],
		[51, "PAD4_2", 415, 515, "T", "DIP", "GND", "GND", "O", 70.866, 94.4882, 47.244, 47.244, 270],
		[52, "PAD4_2", 415, 515, "B", "DIP", "GND", "GND", "O", 70.866, 94.4882, 47.244, 47.244, 270],
		[53, "PAD5_1", 415, 615, "T", "DIP", "VCC", "", "O", 70.866, 94.4882, 47.244, 47.244, 270],
		[54, "PAD5_1", 415, 615, "B", "DIP", "VCC", "", "O", 70.866, 94.4882, 47.244, 47.244, 270],
		[55, "PAD6_6", 191.69, 476.925, "T", "SMD", "VCC", "", "R", 55.118, 25.591, 0, 0, 90],
		[56, "PAD7_5", 235, 476.925, "T", "SMD", "$1N981", "", "R", 55.118, 25.591, 0, 0, 90],
		[57, "PAD8_4", 278.31, 476.925, "T", "SMD", "VCC", "", "R", 55.118, 25.591, 0, 0, 90],
		[58, "PAD9_3", 278.31, 343.075, "T", "SMD", "DIN", "", "R", 55.118, 25.591, 0, 0, 90],
		[59, "PAD10_2", 235, 343.075, "T", "SMD", "GND", "GND", "R", 55.118, 25.591, 0, 0, 90],
		[60, "PAD11_6", 533.075, 581.69, "T", "SMD", "VCC", "", "R", 55.118, 25.591, 0, 0, 180],
		[61, "PAD12_5", 533.075, 625, "T", "SMD", "$1N975", "", "R", 55.118, 25.591, 0, 0, 180],
		[62, "PAD13_4", 533.075, 668.31, "T", "SMD", "VCC", "", "R", 55.118, 25.591, 0, 0, 180],
		[63, "PAD14_3", 666.925, 668.31, "T", "SMD", "$1N981", "", "R", 55.118, 25.591, 0, 0, 180],
		[64, "PAD15_2", 666.925, 625, "T", "SMD", "GND", "GND", "R", 55.118, 25.591, 0, 0, 180],
		[65, "PAD16_6", 1008.31, 343.075, "T", "SMD", "VCC", "", "R", 55.118, 25.591, 0, 0, 270],
		[66, "PAD17_5", 965, 343.075, "T", "SMD", "$1N2893", "", "R", 55.118, 25.591, 0, 0, 270],
		[67, "PAD18_4", 921.69, 343.075, "T", "SMD", "VCC", "", "R", 55.118, 25.591, 0, 0, 270],
		[68, "PAD19_3", 921.69, 476.925, "T", "SMD", "$1N975", "", "R", 55.118, 25.591, 0, 0, 270],
		[69, "PAD20_2", 965, 476.925, "T", "SMD", "GND", "GND", "R", 55.118, 25.591, 0, 0, 270],
		[70, "PAD21_6", 666.925, 238.31, "T", "SMD", "VCC", "", "R", 55.118, 25.591, 0, 0, 0],
		[71, "PAD22_5", 666.925, 195, "T", "SMD", "DOUT", "", "R", 55.118, 25.591, 0, 0, 0],
		[72, "PAD23_4", 666.925, 151.69, "T", "SMD", "VCC", "", "R", 55.118, 25.591, 0, 0, 0],
		[73, "PAD24_3", 533.075, 151.69, "T", "SMD", "$1N2893", "", "R", 55.118, 25.591, 0, 0, 0],
		[74, "PAD25_2", 533.075, 195, "T", "SMD", "GND", "GND", "R", 55.118, 25.591, 0, 0, 0],
		[75, "PAD26_2", 125, 487.56, "T", "SMD", "VCC", "", "R", 31.496, 35.433, 0, 0, 90],
		[76, "PAD27_1", 125, 432.44, "T", "SMD", "GND", "GND", "R", 31.496, 35.433, 0, 0, 90],
		[77, "PAD28_2", 527.44, 515, "T", "SMD", "VCC", "", "R", 31.496, 35.433, 0, 0, 180],
		[78, "PAD29_1", 582.56, 515, "T", "SMD", "GND", "GND", "R", 31.496, 35.433, 0, 0, 180],
		[79, "PAD30_2", 1075, 332.44, "T", "SMD", "VCC", "", "R", 31.496, 35.433, 0, 0, 270],
		[80, "PAD31_1", 1075, 387.56, "T", "SMD", "GND", "GND", "R", 31.496, 35.433, 0, 0, 270],
		[81, "PAD32_2", 677.56, 305, "T", "SMD", "VCC", "", "R", 31.496, 35.433, 0, 0, 0],
		[82, "PAD33_1", 622.44, 305, "T", "SMD", "GND", "GND", "R", 31.496, 35.433, 0, 0, 0],
		[83, "PAD34_1", 514.3737, 409.4488, "T", "SMD", "BTN", "", "R", 48.425, 73.228, 0, 0, 0],
		[84, "PAD35_2", 686.4137, 409.4488, "T", "SMD", "GND", "GND", "R", 48.425, 73.228, 0, 0, 0]
	]
}
}